<botcomponent_botcomponentset>
  <botcomponent_botcomponent botcomponentidone.schemaname="new_topic_a82e5c5d9da849f1a3411bbb5987d93f_21a34f1673a24096a99ba0effb63cc1d" botcomponentidtwo.schemaname="new_topic_a82e5c5d9da849f1a3411bbb5987d93f_aeabea4d071f415c8c107e1cb7af5424_assumedsuccess">
    <iscustomizable>1</iscustomizable>
  </botcomponent_botcomponent>
  <botcomponent_botcomponent botcomponentidone.schemaname="new_topic_a82e5c5d9da849f1a3411bbb5987d93f_33d5123770ba4daeafae51b361ddc80a" botcomponentidtwo.schemaname="new_topic_a82e5c5d9da849f1a3411bbb5987d93f_aeabea4d071f415c8c107e1cb7af5424_assumedsuccess">
    <iscustomizable>1</iscustomizable>
  </botcomponent_botcomponent>
  <botcomponent_botcomponent botcomponentidone.schemaname="new_topic_a82e5c5d9da849f1a3411bbb5987d93f_85df75ce08a44a9b82cc8f3fdb25f669" botcomponentidtwo.schemaname="new_customtype_4e887229e94d49daac87d1609a8933e3">
    <iscustomizable>1</iscustomizable>
  </botcomponent_botcomponent>
  <botcomponent_botcomponent botcomponentidone.schemaname="new_topic_a82e5c5d9da849f1a3411bbb5987d93f_85df75ce08a44a9b82cc8f3fdb25f669" botcomponentidtwo.schemaname="new_topic_a82e5c5d9da849f1a3411bbb5987d93f_954135cafcd647eaae5999ad91fc08cf_talktoagent">
    <iscustomizable>1</iscustomizable>
  </botcomponent_botcomponent>
  <botcomponent_botcomponent botcomponentidone.schemaname="new_topic_a82e5c5d9da849f1a3411bbb5987d93f_8a4964498f83424bb3a86295bf7d0952_startover" botcomponentidtwo.schemaname="new_topic_a82e5c5d9da849f1a3411bbb5987d93f_ba7b967c97ba4c39bca58a8bb6a72d59_conversationstart">
    <iscustomizable>1</iscustomizable>
  </botcomponent_botcomponent>
  <botcomponent_botcomponent botcomponentidone.schemaname="new_topic_a82e5c5d9da849f1a3411bbb5987d93f_954135cafcd647eaae5999ad91fc08cf_talktoagent" botcomponentidtwo.schemaname="new_topic_bc8c6023aa0d44c2adc3924c42b43f50">
    <iscustomizable>1</iscustomizable>
  </botcomponent_botcomponent>
  <botcomponent_botcomponent botcomponentidone.schemaname="new_topic_a82e5c5d9da849f1a3411bbb5987d93f_aeabea4d071f415c8c107e1cb7af5424_assumedsuccess" botcomponentidtwo.schemaname="new_topic_a82e5c5d9da849f1a3411bbb5987d93f_d2198a5ee41a48a5bf70ab8970145a9f_confirmedfailure">
    <iscustomizable>1</iscustomizable>
  </botcomponent_botcomponent>
  <botcomponent_botcomponent botcomponentidone.schemaname="new_topic_a82e5c5d9da849f1a3411bbb5987d93f_aeabea4d071f415c8c107e1cb7af5424_assumedsuccess" botcomponentidtwo.schemaname="new_topic_d96d664f678741668c66b493a5b31532">
    <iscustomizable>1</iscustomizable>
  </botcomponent_botcomponent>
  <botcomponent_botcomponent botcomponentidone.schemaname="new_topic_a82e5c5d9da849f1a3411bbb5987d93f_d2198a5ee41a48a5bf70ab8970145a9f_confirmedfailure" botcomponentidtwo.schemaname="new_topic_a82e5c5d9da849f1a3411bbb5987d93f_954135cafcd647eaae5999ad91fc08cf_talktoagent">
    <iscustomizable>1</iscustomizable>
  </botcomponent_botcomponent>
  <botcomponent_botcomponent botcomponentidone.schemaname="new_topic_a82e5c5d9da849f1a3411bbb5987d93f_db1f76b081dc43389df9dd2df7518737_confirmedsuccess" botcomponentidtwo.schemaname="new_customtype_a82e5c5d9da849f1a3411bbb5987d93f_92610204747047ac8f788f7eecd91118">
    <iscustomizable>1</iscustomizable>
  </botcomponent_botcomponent>
  <botcomponent_botcomponent botcomponentidone.schemaname="new_topic_a82e5c5d9da849f1a3411bbb5987d93f_db1f76b081dc43389df9dd2df7518737_confirmedsuccess" botcomponentidtwo.schemaname="new_topic_a82e5c5d9da849f1a3411bbb5987d93f_f56d1a3e522740c78f9fac0939332dbd_goodbye">
    <iscustomizable>1</iscustomizable>
  </botcomponent_botcomponent>
  <botcomponent_botcomponent botcomponentidone.schemaname="new_topic_d96d664f678741668c66b493a5b31532" botcomponentidtwo.schemaname="new_topic_a82e5c5d9da849f1a3411bbb5987d93f_f56d1a3e522740c78f9fac0939332dbd_goodbye">
    <iscustomizable>1</iscustomizable>
  </botcomponent_botcomponent>
</botcomponent_botcomponentset>