{
  "intents": [
    {
      "triggerQueries": [
        "When are you closed",
        "When are you open",
        "Store hours",
        "Daily open hours"
      ],
      "dialogId": "new_topic_a82e5c5d9da849f1a3411bbb5987d93f_33d5123770ba4daeafae51b361ddc80a",
      "isTriggeringEnabled": true,
      "id": "new_topic_a82e5c5d9da849f1a3411bbb5987d93f_33d5123770ba4daeafae51b361ddc80a",
      "displayName": "Opening hours",
      "description": "Opening hours",
      "createdTime": "2019-01-15T00:00:00Z",
      "updatedTime": "2022-10-08T16:36:54.9372926Z",
      "createdUserId": "user0",
      "updatedUserId": "be8fc67c-eb37-4043-8b13-145e9f6828bc"
    }
  ],
  "dialogs": [
    {
      "rootNodeId": "e901982c-a22d-4074-b8c7-f7842977a047",
      "messageNodes": [
        {
          "botMessageId": "159e7c92-8871-41a0-a739-9f67085f995f",
          "nodeType": "BotMessageNode",
          "id": "e901982c-a22d-4074-b8c7-f7842977a047",
          "defaultTargetNodeId": "1f6c0946-4d56-4714-96f5-15e2247e953b"
        },
        {
          "botMessageId": "614e2fa3-2cf0-42e3-a2eb-18f9fb274ee6",
          "nodeType": "BotMessageNode",
          "id": "1f6c0946-4d56-4714-96f5-15e2247e953b",
          "defaultTargetNodeId": "6e127cd1-99ff-4c5e-8f3e-9ae93c0d4777"
        }
      ],
      "dialogChangeNodes": [
        {
          "targetDialogId": "new_topic_a82e5c5d9da849f1a3411bbb5987d93f_aeabea4d071f415c8c107e1cb7af5424_assumedsuccess",
          "nodeType": "DialogChangeNode",
          "id": "6e127cd1-99ff-4c5e-8f3e-9ae93c0d4777"
        }
      ],
      "id": "new_topic_a82e5c5d9da849f1a3411bbb5987d93f_33d5123770ba4daeafae51b361ddc80a",
      "displayName": "Dialog",
      "createdTime": "2019-01-15T00:00:00Z",
      "updatedTime": "2022-10-08T16:36:54.9372926Z",
      "createdUserId": "user0",
      "updatedUserId": "be8fc67c-eb37-4043-8b13-145e9f6828bc"
    }
  ],
  "botMessages": [
    {
      "channelContent": {
        "web": {
          "contentFormat": "Markdown",
          "content": "I'm happy to help with our daily open hours."
        }
      },
      "id": "159e7c92-8871-41a0-a739-9f67085f995f",
      "createdTime": "2019-01-15T00:00:00Z",
      "updatedTime": "2022-10-08T13:29:46.2123291Z",
      "createdUserId": "user0",
      "updatedUserId": "be8fc67c-eb37-4043-8b13-145e9f6828bc"
    },
    {
      "channelContent": {
        "web": {
          "contentFormat": "Markdown",
          "content": "The Munich and Stuttgart hours are:\n\nMon-Fri: 9am to 6pm, Saturday: 10am to 4pm, Sunday: Closed\n\nThe Frankfurt hours are:  \nMon-Fri: 9am to 6pm, Saturday: 10am to 4pm., Sunday: Closed"
        }
      },
      "id": "614e2fa3-2cf0-42e3-a2eb-18f9fb274ee6",
      "createdTime": "2019-10-24T04:02:13.435Z",
      "updatedTime": "2022-10-08T13:29:46.2123291Z",
      "createdUserId": "user0",
      "updatedUserId": "be8fc67c-eb37-4043-8b13-145e9f6828bc"
    }
  ]
}