{
  "intents": [
    {
      "dialogId": "new_topic_bc8c6023aa0d44c2adc3924c42b43f50",
      "isTriggeringEnabled": true,
      "id": "new_topic_bc8c6023aa0d44c2adc3924c42b43f50",
      "displayName": "transfer_agent_pva",
      "createdTime": "2022-10-08T15:12:07.2153848Z",
      "updatedTime": "2022-10-08T15:12:07.2153848Z",
      "createdUserId": "be8fc67c-eb37-4043-8b13-145e9f6828bc",
      "updatedUserId": "be8fc67c-eb37-4043-8b13-145e9f6828bc"
    }
  ],
  "dialogs": [
    {
      "rootNodeId": "d5d93768-fd5b-4f9e-afff-554b88fa22e0",
      "messageNodes": [
        {
          "botMessageId": "718f9cba-349c-44a7-9104-d2c7b3dfb9fc",
          "nodeType": "BotMessageNode",
          "id": "d5d93768-fd5b-4f9e-afff-554b88fa22e0",
          "defaultTargetNodeId": "d5f385d6-1c47-4dad-95c2-cf838649711e"
        }
      ],
      "agentTransferNodes": [
        {
          "messageToAgent": "{{\n\n\"activityParams\": {{\n\n\"transferTarget\": \"tel:+49000000000\"\n\n}}\n\n}}",
          "nodeType": "AgentTransferNode",
          "id": "d5f385d6-1c47-4dad-95c2-cf838649711e"
        }
      ],
      "id": "new_topic_bc8c6023aa0d44c2adc3924c42b43f50",
      "displayName": "Untitled",
      "createdTime": "2022-10-08T15:12:07.2153848Z",
      "updatedTime": "2022-10-08T15:12:07.2153848Z",
      "createdUserId": "be8fc67c-eb37-4043-8b13-145e9f6828bc",
      "updatedUserId": "be8fc67c-eb37-4043-8b13-145e9f6828bc"
    }
  ],
  "botMessages": [
    {
      "channelContent": {
        "web": {
          "contentFormat": "Markdown",
          "content": "Please hold the line, you will be connected to a human."
        }
      },
      "id": "718f9cba-349c-44a7-9104-d2c7b3dfb9fc",
      "createdTime": "2022-10-08T15:10:51.226Z",
      "updatedTime": "2022-10-08T15:10:51.226Z"
    }
  ]
}