{
  "namedEntities": [
    {
      "synonyms": [
        "administration of human resources",
        "workforce management",
        "personnel"
      ],
      "id": "afb078f7-9ede-41e5-9941-51c5db416e21",
      "displayName": "human resources",
      "createdTime": "2022-10-08T16:32:50.0079292Z",
      "updatedTime": "2022-10-10T09:51:58.8533331Z",
      "createdUserId": "be8fc67c-eb37-4043-8b13-145e9f6828bc",
      "updatedUserId": "be8fc67c-eb37-4043-8b13-145e9f6828bc"
    },
    {
      "synonyms": [
        "sales department",
        "store",
        "shop"
      ],
      "id": "ff004aba-8f4e-4b48-b3b4-441995164d1b",
      "displayName": "sales",
      "createdTime": "2022-10-08T16:32:50.0079292Z",
      "updatedTime": "2022-10-10T09:51:58.8533331Z",
      "createdUserId": "be8fc67c-eb37-4043-8b13-145e9f6828bc",
      "updatedUserId": "be8fc67c-eb37-4043-8b13-145e9f6828bc"
    },
    {
      "synonyms": [
        "technical helpline",
        "service department",
        "help"
      ],
      "id": "791a422b-7083-4eb6-83b3-c839014ebb54",
      "displayName": "support",
      "createdTime": "2022-10-08T16:32:50.0079292Z",
      "updatedTime": "2022-10-10T09:51:58.8533331Z",
      "createdUserId": "be8fc67c-eb37-4043-8b13-145e9f6828bc",
      "updatedUserId": "be8fc67c-eb37-4043-8b13-145e9f6828bc"
    }
  ],
  "closedListTypes": [
    {
      "namedEntities": [
        "afb078f7-9ede-41e5-9941-51c5db416e21",
        "ff004aba-8f4e-4b48-b3b4-441995164d1b",
        "791a422b-7083-4eb6-83b3-c839014ebb54"
      ],
      "smartMatchingEnabled": true,
      "customTypeSchema": "ClosedList",
      "id": "new_customtype_4e887229e94d49daac87d1609a8933e3",
      "displayName": "IVRTargets",
      "description": "",
      "createdTime": "2022-10-08T16:32:50.0079292Z",
      "updatedTime": "2022-10-10T09:51:58.8533331Z",
      "createdUserId": "be8fc67c-eb37-4043-8b13-145e9f6828bc",
      "updatedUserId": "be8fc67c-eb37-4043-8b13-145e9f6828bc"
    }
  ]
}