{
  "properties": {
    "connectionReferences": {
      "shared_commondataserviceforapps": {
        "runtimeSource": "embedded",
        "connection": {
          "connectionReferenceLogicalName": "cra5e_sharedcommondataserviceforapps_a53e7"
        },
        "api": {
          "name": "shared_commondataserviceforapps"
        }
      }
    },
    "definition": {
      "$schema": "https://schema.management.azure.com/providers/Microsoft.Logic/schemas/2016-06-01/workflowdefinition.json#",
      "contentVersion": "1.0.0.0",
      "parameters": {
        "$connections": {
          "defaultValue": {},
          "type": "Object"
        },
        "$authentication": {
          "defaultValue": {},
          "type": "SecureObject"
        }
      },
      "triggers": {
        "manual": {
          "metadata": {
            "operationMetadataId": "635c1076-fcfe-47d9-8e35-7fa4f869dcf6"
          },
          "type": "Request",
          "kind": "VirtualAgent",
          "inputs": {
            "schema": {
              "type": "object",
              "properties": {
                "text": {
                  "title": "UserResponse",
                  "type": "string",
                  "x-ms-dynamically-added": true,
                  "description": "Please enter your input",
                  "x-ms-content-hint": "TEXT"
                }
              },
              "required": [
                "text"
              ]
            }
          }
        }
      },
      "actions": {
        "Return_value(s)_to_Power_Virtual_Agents": {
          "runAfter": {
            "Switch": [
              "Succeeded"
            ]
          },
          "metadata": {
            "operationMetadataId": "d425d4e9-19e5-4d00-a462-ed812039d17e"
          },
          "type": "Response",
          "kind": "VirtualAgent",
          "inputs": {
            "statusCode": 200,
            "body": {
              "botresponse": "@variables('BotResponse')"
            },
            "schema": {
              "type": "object",
              "properties": {
                "botresponse": {
                  "title": "BotResponse",
                  "x-ms-dynamically-added": true,
                  "type": "string"
                }
              }
            }
          }
        },
        "BotResponse": {
          "runAfter": {},
          "metadata": {
            "operationMetadataId": "45bbf0ca-b1e5-4ac8-bb87-c107bde88e5a"
          },
          "type": "InitializeVariable",
          "inputs": {
            "variables": [
              {
                "name": "BotResponse",
                "type": "string"
              }
            ]
          }
        },
        "Analyze_positive_or_negative_sentiment_in_text": {
          "runAfter": {
            "BotResponse": [
              "Succeeded"
            ]
          },
          "metadata": {
            "operationMetadataId": "b75f9d41-fc08-470f-b3bc-b0503f01d0cc",
            "flowSystemMetadata": {
              "portalOperationId": "aibuilderpredict_sentimentanalysis",
              "portalOperationGroup": "aibuilder",
              "portalOperationApiDisplayNameOverride": "AI Builder",
              "portalOperationIconOverride": "https://psuxemea.azureedge.net/Content/Images/DesignerOperations/aiBuilderNew.png",
              "portalOperationBrandColorOverride": "#0A76C4",
              "portalOperationApiTierOverride": "Standard"
            }
          },
          "type": "OpenApiConnection",
          "inputs": {
            "host": {
              "connectionName": "shared_commondataserviceforapps",
              "operationId": "aibuilderpredict_sentimentanalysis",
              "apiId": "/providers/Microsoft.PowerApps/apis/shared_commondataserviceforapps"
            },
            "parameters": {
              "item/requestv2/language": "en",
              "item/requestv2/text": "@triggerBody()['text']"
            },
            "authentication": "@parameters('$authentication')"
          }
        },
        "FeedbackSentiment": {
          "runAfter": {
            "Analyze_positive_or_negative_sentiment_in_text": [
              "Succeeded"
            ]
          },
          "metadata": {
            "operationMetadataId": "3f727267-b0f1-48f0-a1ea-1e7ec239575b"
          },
          "type": "InitializeVariable",
          "inputs": {
            "variables": [
              {
                "name": "FeedbackSentiment",
                "type": "string",
                "value": "@outputs('Analyze_positive_or_negative_sentiment_in_text')?['body/responsev2/predictionOutput/result/sentiment']"
              }
            ]
          }
        },
        "Switch": {
          "runAfter": {
            "FeedbackSentiment": [
              "Succeeded"
            ]
          },
          "cases": {
            "Case": {
              "case": "positive",
              "actions": {
                "Set_variable": {
                  "runAfter": {},
                  "type": "SetVariable",
                  "inputs": {
                    "name": "BotResponse",
                    "value": "Thank you for your positive Feedback. I have enjoyed to support you!"
                  }
                }
              }
            },
            "Case_2": {
              "case": "negative",
              "actions": {
                "Set_variable_2": {
                  "runAfter": {},
                  "type": "SetVariable",
                  "inputs": {
                    "name": "BotResponse",
                    "value": "I´m sorry that we could not give you a satisfying experience. We will look into our dialog and optimize it for future use."
                  }
                }
              }
            }
          },
          "default": {
            "actions": {
              "Set_variable_3": {
                "runAfter": {},
                "type": "SetVariable",
                "inputs": {
                  "name": "BotResponse",
                  "value": "Thank you for your Feedback. I look forwoard to your next call."
                }
              }
            }
          },
          "expression": "@variables('FeedbackSentiment')",
          "metadata": {
            "operationMetadataId": "7836c1dd-a4d9-4a34-8a03-dd3637ea17ef"
          },
          "type": "Switch"
        }
      },
      "outputs": {}
    }
  },
  "schemaVersion": "1.0.0.0"
}